Row,theta1,theta2,theta3,theta4
True,0.1,0.2,0.5,0.2
ML,0.12,0.22,0.42,0.24
MAP_a1,0.12,0.22,0.42,0.24
MAP_a10,0.154411764705882,0.227941176470588,0.375,0.242647058823529
