N,Pstar,test_error,oracle_error
100,64,0.050000,0.068275
500,64,0.080000,0.068275
1000,64,0.080000,0.068275
5000,64,0.061000,0.068275
10000,64,0.070500,0.068275
